{"cameraMode":{"drawMode":0,"name":"Shaded","section":"Shading Mode"},"sceneLighting":true,"audioPlay":false,"sceneViewState":{"m_AlwaysRefresh":false,"showFog":true,"showSkybox":true,"showFlares":true,"showImageEffects":true,"showParticleSystems":true,"showVisualEffectGraphs":true,"m_FxEnabled":true},"in2DMode":false,"pivot":{"x":4.960874080657959,"y":7.247422218322754,"z":-7.2866010665893559},"rotation":{"x":0.13988696038722993,"y":0.026730407029390336,"z":-0.0037776792887598278,"w":0.9898076057434082},"size":0.6366757154464722,"orthographic":false}