{"cameraMode":{"drawMode":0,"name":"Shaded","section":"Shading Mode"},"sceneLighting":true,"audioPlay":false,"sceneViewState":{"m_AlwaysRefresh":false,"showFog":true,"showSkybox":true,"showFlares":true,"showImageEffects":true,"showParticleSystems":true,"showVisualEffectGraphs":true,"m_FxEnabled":true},"in2DMode":false,"pivot":{"x":1.7698442935943604,"y":5.576950550079346,"z":-0.8568193316459656},"rotation":{"x":0.04381098970770836,"y":-0.9533215761184692,"z":0.16992896795272828,"w":0.24575546383857728},"size":4.191640853881836,"orthographic":false}